algorytm,tx_count,powtorzenie,czas_ms
sphincs,10,0,21.6398
sphincs,10,1,25.0700
sphincs,10,2,24.8979
sphincs,10,3,22.4260
sphincs,10,4,23.9245
sphincs,10,5,25.7737
sphincs,10,6,21.8988
sphincs,10,7,24.2613
sphincs,10,8,22.4953
sphincs,10,9,23.3696
sphincs,10,10,23.0985
sphincs,10,11,27.7364
sphincs,10,12,30.9551
sphincs,10,13,50.1982
sphincs,10,14,38.2027
sphincs,10,15,45.8586
sphincs,10,16,23.0003
sphincs,10,17,25.6014
sphincs,10,18,20.2431
sphincs,10,19,25.7478
sphincs,10,20,26.1560
sphincs,10,21,22.6742
sphincs,10,22,24.2125
sphincs,10,23,20.9723
sphincs,10,24,24.7180
sphincs,10,25,22.0812
sphincs,10,26,23.2003
sphincs,10,27,24.1372
sphincs,10,28,22.0175
sphincs,10,29,23.7648
sphincs,10,30,20.8505
sphincs,10,31,24.2075
sphincs,10,32,21.8483
sphincs,10,33,28.8221
sphincs,10,34,46.0423
sphincs,10,35,74.7725
sphincs,10,36,29.2676
sphincs,10,37,22.8242
sphincs,10,38,24.1937
sphincs,10,39,22.7004
sphincs,10,40,23.0705
sphincs,10,41,23.1172
sphincs,10,42,22.4554
sphincs,10,43,24.3579
sphincs,10,44,20.7882
sphincs,10,45,23.9639
sphincs,10,46,23.3830
sphincs,10,47,23.6151
sphincs,10,48,20.9756
sphincs,10,49,25.0728
sphincs,50,0,145.1372
sphincs,50,1,150.8597
sphincs,50,2,112.1895
sphincs,50,3,112.0051
sphincs,50,4,114.2839
sphincs,50,5,113.6916
sphincs,50,6,199.9890
sphincs,50,7,116.2401
sphincs,50,8,117.0337
sphincs,50,9,121.5378
sphincs,50,10,113.4869
sphincs,50,11,156.1233
sphincs,50,12,267.1013
sphincs,50,13,237.1086
sphincs,50,14,242.9265
sphincs,50,15,210.0325
sphincs,50,16,228.2910
sphincs,50,17,196.7960
sphincs,50,18,406.0476
sphincs,50,19,435.1579
sphincs,50,20,415.0319
sphincs,50,21,347.0547
sphincs,50,22,294.7957
sphincs,50,23,295.0992
sphincs,50,24,319.1046
sphincs,50,25,480.1436
sphincs,50,26,294.6139
sphincs,50,27,268.2577
sphincs,50,28,223.9258
sphincs,50,29,173.7816
sphincs,50,30,159.9705
sphincs,50,31,215.8659
sphincs,50,32,194.9159
sphincs,50,33,185.0052
sphincs,50,34,189.6285
sphincs,50,35,157.8402
sphincs,50,36,216.5974
sphincs,50,37,275.0481
sphincs,50,38,240.4122
sphincs,50,39,224.7361
sphincs,50,40,164.9090
sphincs,50,41,180.9704
sphincs,50,42,147.4134
sphincs,50,43,146.3801
sphincs,50,44,130.5711
sphincs,50,45,118.3220
sphincs,50,46,136.0436
sphincs,50,47,140.2877
sphincs,50,48,169.6134
sphincs,50,49,175.0678
sphincs,100,0,232.1370
sphincs,100,1,294.0444
sphincs,100,2,265.1469
sphincs,100,3,299.7686
sphincs,100,4,295.8373
sphincs,100,5,295.2816
sphincs,100,6,472.7040
sphincs,100,7,476.4969
sphincs,100,8,373.4233
sphincs,100,9,470.7917
sphincs,100,10,297.4008
sphincs,100,11,330.1952
sphincs,100,12,258.2375
sphincs,100,13,309.1143
sphincs,100,14,216.1455
sphincs,100,15,253.4728
sphincs,100,16,223.7535
sphincs,100,17,293.9369
sphincs,100,18,268.5696
sphincs,100,19,269.9632
sphincs,100,20,311.4411
sphincs,100,21,354.9094
sphincs,100,22,492.1727
sphincs,100,23,348.3307
sphincs,100,24,276.2921
sphincs,100,25,251.0443
sphincs,100,26,252.6375
sphincs,100,27,206.9315
sphincs,100,28,259.4192
sphincs,100,29,260.5254
sphincs,100,30,259.6945
sphincs,100,31,265.0071
sphincs,100,32,275.9079
sphincs,100,33,218.3702
sphincs,100,34,247.8602
sphincs,100,35,230.0368
sphincs,100,36,246.2706
sphincs,100,37,226.3861
sphincs,100,38,260.5378
sphincs,100,39,272.2609
sphincs,100,40,226.2825
sphincs,100,41,284.0662
sphincs,100,42,241.3589
sphincs,100,43,210.9316
sphincs,100,44,255.1011
sphincs,100,45,218.7475
sphincs,100,46,229.3099
sphincs,100,47,215.3235
sphincs,100,48,204.4023
sphincs,100,49,241.4479
sphincs,200,0,470.2144
sphincs,200,1,532.4641
sphincs,200,2,480.6243
sphincs,200,3,550.9602
sphincs,200,4,603.7067
sphincs,200,5,528.0060
sphincs,200,6,465.9364
sphincs,200,7,485.1703
sphincs,200,8,460.4505
sphincs,200,9,476.6314
sphincs,200,10,470.8947
sphincs,200,11,453.2225
sphincs,200,12,432.4466
sphincs,200,13,442.6818
sphincs,200,14,520.2120
sphincs,200,15,534.6913
sphincs,200,16,474.8293
sphincs,200,17,473.4221
sphincs,200,18,452.7119
sphincs,200,19,440.0457
sphincs,200,20,454.6476
sphincs,200,21,451.8489
sphincs,200,22,434.6427
sphincs,200,23,437.0903
sphincs,200,24,503.1432
sphincs,200,25,505.0675
sphincs,200,26,493.3984
sphincs,200,27,456.8063
sphincs,200,28,438.1871
sphincs,200,29,433.6671
sphincs,200,30,462.5001
sphincs,200,31,447.9934
sphincs,200,32,412.1639
sphincs,200,33,437.5301
sphincs,200,34,454.1798
sphincs,200,35,405.8094
sphincs,200,36,497.8995
sphincs,200,37,491.5855
sphincs,200,38,437.6502
sphincs,200,39,439.1708
sphincs,200,40,442.0191
sphincs,200,41,457.6838
sphincs,200,42,443.8163
sphincs,200,43,470.6147
sphincs,200,44,407.4050
sphincs,200,45,439.7800
sphincs,200,46,460.5106
sphincs,200,47,490.0655
sphincs,200,48,538.1130
sphincs,200,49,533.2606
sphincs,500,0,1219.8635
sphincs,500,1,1099.1596
sphincs,500,2,1085.8204
sphincs,500,3,1340.5208
sphincs,500,4,1165.7468
sphincs,500,5,1167.0008
sphincs,500,6,1155.2307
sphincs,500,7,1224.2792
sphincs,500,8,1154.8708
sphincs,500,9,1171.0254
sphincs,500,10,1097.9676
sphincs,500,11,1182.4262
sphincs,500,12,1190.2596
sphincs,500,13,1147.3315
sphincs,500,14,1097.4786
sphincs,500,15,1053.8278
sphincs,500,16,1220.2259
sphincs,500,17,1173.3594
sphincs,500,18,1117.6111
sphincs,500,19,1117.3499
sphincs,500,20,1174.1623
sphincs,500,21,1122.1742
sphincs,500,22,1129.2407
sphincs,500,23,1087.5174
sphincs,500,24,1204.6880
sphincs,500,25,1176.2046
sphincs,500,26,1111.7972
sphincs,500,27,1181.2190
sphincs,500,28,1077.2025
sphincs,500,29,1067.9751
sphincs,500,30,1098.9360
sphincs,500,31,1077.5377
sphincs,500,32,1087.0924
sphincs,500,33,1147.4545
sphincs,500,34,1192.2471
sphincs,500,35,1144.6117
sphincs,500,36,1112.3067
sphincs,500,37,1079.1174
sphincs,500,38,1187.3237
sphincs,500,39,1113.8127
sphincs,500,40,1111.5209
sphincs,500,41,1094.0078
sphincs,500,42,1152.1656
sphincs,500,43,1137.9030
sphincs,500,44,1073.2555
sphincs,500,45,1108.8284
sphincs,500,46,1109.0268
sphincs,500,47,1365.4822
sphincs,500,48,1441.2195
sphincs,500,49,1372.6031
sphincs,1000,0,3014.9526
sphincs,1000,1,2743.6304
sphincs,1000,2,3093.8985
sphincs,1000,3,2902.4223
sphincs,1000,4,2824.7373
sphincs,1000,5,3047.9473
sphincs,1000,6,2857.1044
sphincs,1000,7,2962.9024
sphincs,1000,8,2868.6693
sphincs,1000,9,2526.3295
sphincs,1000,10,2826.0815
sphincs,1000,11,2274.1472
sphincs,1000,12,2193.2344
sphincs,1000,13,2293.5847
sphincs,1000,14,2175.7269
sphincs,1000,15,2412.3940
sphincs,1000,16,2148.9485
sphincs,1000,17,2332.2228
sphincs,1000,18,2299.0838
sphincs,1000,19,2516.3737
sphincs,1000,20,2244.2328
sphincs,1000,21,2277.3294
sphincs,1000,22,2192.4665
sphincs,1000,23,2215.7233
sphincs,1000,24,2279.8652
sphincs,1000,25,2212.3467
sphincs,1000,26,2371.5399
sphincs,1000,27,2353.7901
sphincs,1000,28,2283.3578
sphincs,1000,29,2314.5238
sphincs,1000,30,2383.2046
sphincs,1000,31,2222.9202
sphincs,1000,32,2237.5671
sphincs,1000,33,2235.4608
sphincs,1000,34,2276.2159
sphincs,1000,35,2239.2348
sphincs,1000,36,2155.9957
sphincs,1000,37,2143.4209
sphincs,1000,38,2102.8241
sphincs,1000,39,2299.7090
sphincs,1000,40,2255.2310
sphincs,1000,41,2317.3646
sphincs,1000,42,2188.1276
sphincs,1000,43,2226.2580
sphincs,1000,44,2324.2213
sphincs,1000,45,2250.0849
sphincs,1000,46,2291.3574
sphincs,1000,47,2141.5628
sphincs,1000,48,2262.8890
sphincs,1000,49,2172.0027
sphincs,1500,0,3415.5522
sphincs,1500,1,3325.3689
sphincs,1500,2,3407.5730
sphincs,1500,3,3448.3064
sphincs,1500,4,3290.0550
sphincs,1500,5,3234.7976
sphincs,1500,6,3408.4155
sphincs,1500,7,3358.1229
sphincs,1500,8,3313.9878
sphincs,1500,9,3372.4408
sphincs,1500,10,3406.6187
sphincs,1500,11,3321.1661
sphincs,1500,12,3900.2729
sphincs,1500,13,3403.0063
sphincs,1500,14,3935.8696
sphincs,1500,15,4237.5151
sphincs,1500,16,3744.9523
sphincs,1500,17,3650.0153
sphincs,1500,18,3303.3616
sphincs,1500,19,3468.1655
sphincs,1500,20,3415.1411
sphincs,1500,21,3324.6378
sphincs,1500,22,3351.6617
sphincs,1500,23,3376.4867
sphincs,1500,24,3331.8158
sphincs,1500,25,3687.5222
sphincs,1500,26,3406.4485
sphincs,1500,27,3401.0981
sphincs,1500,28,3474.7115
sphincs,1500,29,3553.4375
sphincs,1500,30,3368.7470
sphincs,1500,31,3620.9902
sphincs,1500,32,3493.4559
sphincs,1500,33,3375.7196
sphincs,1500,34,3434.9370
sphincs,1500,35,3714.8250
sphincs,1500,36,3491.9771
sphincs,1500,37,3558.4564
sphincs,1500,38,3325.8262
sphincs,1500,39,3416.5413
sphincs,1500,40,3384.3064
sphincs,1500,41,3292.4713
sphincs,1500,42,3469.0454
sphincs,1500,43,3411.5259
sphincs,1500,44,3318.1561
sphincs,1500,45,3583.1699
sphincs,1500,46,3420.1676
sphincs,1500,47,3328.1698
sphincs,1500,48,3590.3779
sphincs,1500,49,3477.9336
sphincs,2000,0,4561.3548
sphincs,2000,1,4521.3583
sphincs,2000,2,4367.7251
sphincs,2000,3,4498.7286
sphincs,2000,4,4865.4515
sphincs,2000,5,4765.9636
sphincs,2000,6,4549.3910
sphincs,2000,7,4554.8651
sphincs,2000,8,4555.6427
sphincs,2000,9,4530.2980
sphincs,2000,10,4985.0188
sphincs,2000,11,10644.8128
sphincs,2000,12,7417.8094
sphincs,2000,13,5913.2545
sphincs,2000,14,5196.1767
sphincs,2000,15,4970.5891
sphincs,2000,16,4906.0492
sphincs,2000,17,6234.5331
sphincs,2000,18,4555.5401
sphincs,2000,19,4849.1809
sphincs,2000,20,5348.3999
sphincs,2000,21,7692.7282
sphincs,2000,22,7161.4926
sphincs,2000,23,5768.1194
sphincs,2000,24,6275.6570
sphincs,2000,25,6060.5069
sphincs,2000,26,6279.6771
sphincs,2000,27,5916.0209
sphincs,2000,28,6330.0764
sphincs,2000,29,5296.4529
sphincs,2000,30,5609.8650
sphincs,2000,31,7258.3398
sphincs,2000,32,6690.4745
sphincs,2000,33,7140.2408
sphincs,2000,34,7318.2293
sphincs,2000,35,7284.8892
sphincs,2000,36,5184.7645
sphincs,2000,37,5099.4914
sphincs,2000,38,4367.6410
sphincs,2000,39,4284.1067
sphincs,2000,40,4269.4273
sphincs,2000,41,4282.2985
sphincs,2000,42,4161.0708
sphincs,2000,43,4352.2585
sphincs,2000,44,4237.6523
sphincs,2000,45,4441.1277
sphincs,2000,46,4371.0998
sphincs,2000,47,4259.2298
sphincs,2000,48,4271.2072
sphincs,2000,49,4176.3946
